feederid,connectedsubstation,voltagelevelvolts,installedlocationlat,installedlocationlong,currentamperes,powervoltampere
444113,PATTALINE-11KV,11000,10.091663,77.068662,10,200000
444114,PATTALINE-1-22KV,22000,10.091661,77.068660,7,500000
300011,MOOLAKADAI-22KV,11000,10.074823,77.060280,5,100000
220044,MATTUPETTY-11KV,33000,10.086009,77.074120,26,1500000
